SE/VV/AQ,Species,Wetlands EEC,Non-listed Wetlands RQ,Listed Wetlands RQ
SE,Corn,1.0760019111919643,< 0.01,> 358667.3
VV,Corn,1.0760019111919643,< 0.27,< 0.01
AQ,Oscillatoria lutea,1006.1770000000001,1006.18,1006.18
AQ,Stigeoclonium tenue,1006.1770000000001,1006.18,1006.18
AQ,Elodea canadensis,1006.1770000000001,218.73,218.73
AQ,Nephroselmis pyriformis,1006.1770000000001,70.86,914.71
AQ,Fontinalis hypoides,1006.1770000000001,503.09,503.09
AQ,Isochrysis galbana,1006.1770000000001,33.54,NA
AQ,Bellerochea polymorpha,1006.1770000000001,51.86,NA
